amenaza,n,bowleg_mean,pct_gate_fail,pct_substantive,pct_strong
cambio_climatico_general,709.0,0.97,47.7,9.7,4.8
desastres_multiples,143.0,1.02,40.6,9.8,4.9
inundacion,85.0,1.66,23.5,24.7,17.6
mitigacion_transicion,83.0,0.73,60.2,8.4,0.0
ciclon_huracan_tormenta,59.0,1.64,18.6,22.0,8.5
calor_extremo,57.0,1.24,35.1,15.8,7.0
sequia,44.0,1.99,15.9,31.8,22.7
nivel_mar_costas,21.0,1.38,38.1,19.0,14.3
incendio_forestal,20.0,1.45,35.0,15.0,15.0
otro,9.0,0.78,55.6,0.0,0.0
glaciares_criosfera,3.0,1.17,66.7,33.3,33.3
