country,n,bowleg_mean,pct_gate_fail,pct_substantive,pct_strong
United States,329.0,1.05,42.6,11.6,5.5
United Kingdom,165.0,1.06,46.1,13.3,6.7
Australia,99.0,0.73,55.6,7.1,1.0
Canada,94.0,1.21,38.3,12.8,9.6
India,73.0,1.04,42.5,9.6,6.8
Germany,66.0,0.99,45.5,10.6,4.5
Sweden,55.0,0.85,52.7,10.9,1.8
South Africa,54.0,1.25,37.0,14.8,11.1
Spain,45.0,0.87,48.9,6.7,4.4
Netherlands,32.0,1.19,34.4,12.5,3.1
Italy,29.0,1.1,48.3,13.8,6.9
Kenya,27.0,1.39,33.3,14.8,11.1
Norway,26.0,0.98,46.2,15.4,7.7
Bangladesh,24.0,1.25,25.0,8.3,0.0
Austria,20.0,1.12,40.0,15.0,0.0
Brazil,19.0,1.18,42.1,15.8,10.5
Switzerland,19.0,1.18,36.8,15.8,5.3
New Zealand,18.0,1.67,33.3,33.3,27.8
Ghana,18.0,1.36,22.2,11.1,0.0
Portugal,16.0,0.91,50.0,6.2,0.0
Indonesia,14.0,0.61,64.3,7.1,0.0
Finland,13.0,0.85,69.2,23.1,15.4
Denmark,13.0,0.35,69.2,0.0,0.0
Nepal,12.0,1.5,25.0,25.0,16.7
Zimbabwe,12.0,1.33,25.0,8.3,8.3
Japan,11.0,1.41,27.3,9.1,9.1
Mexico,11.0,0.73,54.5,0.0,0.0
Thailand,10.0,0.6,70.0,10.0,10.0
Belgium,10.0,1.2,40.0,10.0,10.0
Ireland,10.0,0.9,50.0,0.0,0.0
Nigeria,10.0,1.0,50.0,0.0,0.0
France,9.0,1.44,33.3,22.2,11.1
Viet Nam,9.0,1.56,11.1,0.0,0.0
Turkey,9.0,0.78,55.6,0.0,0.0
China,8.0,1.12,50.0,12.5,12.5
Chile,8.0,1.38,25.0,12.5,12.5
Colombia,8.0,0.81,62.5,12.5,12.5
Ethiopia,7.0,1.0,57.1,14.3,14.3
Tanzania,7.0,1.0,42.9,0.0,0.0
Uganda,7.0,0.57,71.4,0.0,0.0
Philippines,7.0,1.07,28.6,0.0,0.0
Malaysia,7.0,0.71,57.1,0.0,0.0
Singapore,6.0,0.83,50.0,0.0,0.0
Czech Republic,6.0,1.5,33.3,16.7,16.7
Peru,6.0,1.42,33.3,16.7,16.7
Pakistan,6.0,1.0,50.0,16.7,0.0
Senegal,5.0,0.7,80.0,20.0,20.0
United Arab Emirates,4.0,0.25,75.0,0.0,0.0
Ecuador,4.0,1.12,50.0,25.0,25.0
Puerto Rico,4.0,1.12,50.0,25.0,0.0
South Korea,4.0,1.25,50.0,25.0,0.0
Poland,3.0,0.33,33.3,0.0,0.0
Uruguay,3.0,0.33,66.7,0.0,0.0
Taiwan,3.0,0.67,66.7,0.0,0.0
Zambia,3.0,1.67,0.0,0.0,0.0
Mozambique,3.0,1.17,33.3,0.0,0.0
Malawi,3.0,1.67,33.3,33.3,33.3
Benin,3.0,0.5,66.7,0.0,0.0
Fiji,3.0,1.17,0.0,0.0,0.0
Costa Rica,3.0,0.83,33.3,0.0,0.0
Cameroon,3.0,1.17,33.3,0.0,0.0
Israel,3.0,0.5,66.7,0.0,0.0
Iran,3.0,2.33,0.0,66.7,0.0
Saudi Arabia,2.0,1.25,0.0,0.0,0.0
Estonia,2.0,0.5,50.0,0.0,0.0
Sri Lanka,2.0,1.0,0.0,0.0,0.0
Sudan,2.0,0.5,50.0,0.0,0.0
Egypt,2.0,0.0,100.0,0.0,0.0
Tunisia,2.0,0.5,50.0,0.0,0.0
Hong Kong,2.0,0.25,50.0,0.0,0.0
Hungary,2.0,0.0,100.0,0.0,0.0
Palestine,2.0,1.0,50.0,0.0,0.0
Latvia,2.0,0.0,100.0,0.0,0.0
Morocco,2.0,1.0,50.0,0.0,0.0
Namibia,2.0,0.25,50.0,0.0,0.0
Oman,2.0,0.5,50.0,0.0,0.0
Ukraine,1.0,0.0,100.0,0.0,0.0
Cyprus,1.0,0.0,100.0,0.0,0.0
Eritrea,1.0,0.0,100.0,0.0,0.0
Bahrain,1.0,0.0,100.0,0.0,0.0
Bhutan,1.0,0.0,100.0,0.0,0.0
University of Twente,1.0,0.0,100.0,0.0,0.0
Croatia,1.0,1.0,0.0,0.0,0.0
Cuba,1.0,2.0,0.0,0.0,0.0
Bolivia,1.0,0.0,100.0,0.0,0.0
Congo,1.0,0.0,100.0,0.0,0.0
Bulgaria,1.0,0.0,100.0,0.0,0.0
Burkina Faso,1.0,0.0,100.0,0.0,0.0
España,1.0,1.5,0.0,0.0,0.0
Argentina,1.0,0.0,100.0,0.0,0.0
Somalia,1.0,0.0,100.0,0.0,0.0
Solomon Islands,1.0,2.0,0.0,0.0,0.0
Malta,1.0,0.0,100.0,0.0,0.0
Madagascar,1.0,0.0,100.0,0.0,0.0
Luxembourg,1.0,1.5,0.0,0.0,0.0
Myanmar,1.0,0.0,100.0,0.0,0.0
Liberia,1.0,1.0,0.0,0.0,0.0
New Caledonia,1.0,1.0,0.0,0.0,0.0
Jordan,1.0,2.0,0.0,0.0,0.0
Iceland,1.0,1.5,0.0,0.0,0.0
Honduras,1.0,0.0,100.0,0.0,0.0
Pontificia Universidad Católica de Chile,1.0,2.0,0.0,0.0,0.0
Haiti,1.0,0.0,100.0,0.0,0.0
Gambia,1.0,2.0,0.0,0.0,0.0
Qatar,1.0,2.0,0.0,0.0,0.0
Romania,1.0,0.0,100.0,0.0,0.0
Russian Federation,1.0,1.5,0.0,0.0,0.0
Rwanda,1.0,0.0,100.0,0.0,0.0
Mali,1.0,0.0,100.0,0.0,0.0
Faroe Islands,1.0,1.5,0.0,0.0,0.0
Slovakia,1.0,1.0,0.0,0.0,0.0
ACT,1.0,0.0,100.0,0.0,0.0
