paper_id,topic_id,umap_x,umap_y
3,-1,6.010693,4.675702
4,7,7.724794,4.6995773
6,-1,5.6189246,7.7665334
7,4,6.2037683,10.1759615
8,7,7.515679,4.69809
9,0,6.232397,5.367259
10,-1,7.5559916,8.436774
13,3,7.971676,7.963845
14,7,7.349972,4.8226695
15,0,6.455393,7.996732
16,-1,9.828234,6.9910183
20,4,6.546277,9.951377
21,12,6.9746656,4.038819
22,7,7.7536073,4.5068917
23,-1,6.2919154,4.725364
24,-1,8.903914,5.8437734
28,-1,6.0026293,4.651664
29,1,11.224939,6.3300023
30,0,4.664728,6.4163527
31,4,6.004652,8.907965
33,-1,7.973217,5.9862366
36,9,4.898143,8.255314
37,-1,8.869301,7.367632
38,2,9.506629,6.5270915
39,10,8.936229,7.273893
40,6,7.0083637,8.830904
41,-1,7.065836,7.5406065
42,-1,5.737232,4.889234
43,4,6.4147124,9.817902
44,-1,7.1493416,7.291818
45,-1,7.1428976,8.384099
46,7,7.8251534,4.6676846
47,-1,8.658735,6.794786
48,2,9.147025,6.120517
49,-1,8.0009165,6.808886
50,2,8.807467,5.564414
51,12,7.031342,4.090437
53,8,7.527828,6.5575743
54,-1,7.0201473,4.8833146
55,8,7.071383,6.890652
56,2,9.362645,5.4811463
57,4,6.342567,9.706072
58,5,4.443307,9.721699
59,8,7.5839834,5.8808165
60,-1,9.737728,7.3892617
61,10,8.053102,8.8247175
62,-1,9.226745,7.4018373
63,-1,7.1617723,5.1585226
64,5,4.739662,9.82814
65,14,6.626868,7.1767473
66,0,5.5547132,5.3816705
67,-1,6.1205378,7.586276
71,-1,5.6975813,7.906963
72,-1,8.164768,7.086391
73,6,6.854103,8.397892
74,1,10.770959,6.4611588
76,-1,10.667299,7.0678835
77,0,6.1820827,5.2506523
79,6,6.345507,8.201463
80,-1,7.964134,7.3614492
81,9,4.9288545,8.471712
84,13,10.051225,7.915889
86,-1,8.013518,7.066576
87,0,4.940782,5.649059
88,-1,10.1562805,7.2815604
89,0,6.366569,4.8413253
91,6,6.34026,8.117333
93,7,7.846255,4.3198004
96,2,9.355126,5.5422177
97,2,8.751705,5.486025
98,-1,7.8535523,5.8006797
99,0,5.2966337,6.0081134
100,1,11.336003,6.593753
101,6,6.4783745,8.096981
102,8,6.5765533,5.5413513
103,6,6.0751967,8.587942
104,-1,5.6455665,8.486967
106,0,4.5524125,6.61693
107,0,4.882253,4.706317
109,9,4.9447684,8.391445
111,6,6.5189667,8.537034
112,3,8.278917,7.6467314
114,-1,7.4260635,8.378896
115,9,5.079591,8.358478
116,8,7.1817656,7.046345
117,4,6.4655604,9.626195
118,5,5.3523383,9.901197
120,10,7.8816566,8.675858
121,-1,7.3745317,8.687758
122,-1,7.462874,8.394449
123,-1,7.183065,8.867879
124,6,7.2585335,8.794927
125,-1,6.159388,8.104969
126,5,4.7553806,9.146568
127,4,6.135299,9.665639
128,-1,5.242914,8.857514
129,-1,7.8322783,8.866138
130,-1,4.6285906,8.147403
131,0,4.8954277,6.808263
132,-1,4.657479,7.6092315
134,9,4.8652534,8.3397665
135,-1,5.7524853,7.151619
136,5,5.2655263,9.666741
137,-1,7.572295,8.402646
138,11,7.4858336,8.2387705
139,-1,8.397858,5.308555
143,2,9.275351,5.476882
144,12,6.907326,3.8387773
146,0,4.836573,7.049449
147,6,6.342938,8.205581
148,-1,6.1531997,7.4140363
149,2,9.224028,5.7878823
150,10,8.143779,8.474656
151,13,10.351263,7.823776
152,-1,4.46967,8.241991
153,5,4.8775344,9.354475
158,-1,6.796836,7.5564666
159,0,6.0819397,5.454201
160,8,7.955023,6.4168115
161,6,6.541546,7.996842
162,6,6.7270684,7.8536215
163,1,10.863295,6.653991
164,1,10.655248,6.260613
166,0,5.06108,6.8840885
167,5,4.4443474,9.751423
168,0,4.8955817,4.7403727
169,-1,10.026708,6.447353
170,0,4.8355956,7.3389664
171,7,8.1589155,5.06059
172,0,4.8918395,4.7474146
173,4,6.3657746,9.639229
174,-1,6.9247856,7.5757194
179,11,8.414164,6.2466955
180,4,6.9879994,9.221123
181,10,8.001717,8.467524
183,14,7.2104125,6.5656614
184,10,7.7847614,9.071349
187,-1,7.469356,7.1750627
188,-1,10.399978,7.570319
191,0,5.348964,6.171911
193,-1,9.857563,6.621722
194,-1,10.03653,7.8690376
195,-1,5.348101,7.196543
196,12,7.157948,4.2615747
198,-1,7.6681733,8.399268
199,-1,9.935772,6.3856664
200,-1,7.338307,8.759109
201,1,10.608726,6.3050346
202,1,11.28773,6.508462
204,5,5.3047743,9.896759
207,7,7.726485,4.432516
209,-1,5.944547,4.773594
210,-1,6.978334,8.768349
211,-1,7.255846,4.523114
212,8,6.8627768,5.3286853
214,2,8.963097,6.640901
215,0,4.6004124,5.453907
216,-1,8.383109,7.9070926
217,0,4.883083,4.653509
218,0,4.782417,6.7721844
219,-1,6.4487925,4.4648795
220,-1,5.627605,6.7321224
222,4,6.5916047,9.508729
226,-1,7.5326843,4.1270843
229,-1,8.012014,5.8985195
230,-1,8.968112,5.981559
231,11,8.668283,6.3595314
232,-1,7.6313577,7.51126
234,0,4.983862,6.976811
235,4,6.267892,10.054864
237,-1,5.816757,9.829669
238,-1,5.998066,8.4440565
242,7,8.27244,4.9557824
243,0,4.81074,6.398403
244,14,7.2192607,7.1846924
247,9,4.805843,8.557836
248,12,7.033486,3.97266
250,-1,5.7216916,7.226689
251,-1,7.7590914,6.420284
252,2,9.199003,6.033455
253,1,10.81463,6.3766236
254,-1,7.0127654,7.4522104
256,3,7.4244704,7.83628
259,0,4.244941,6.079296
260,1,11.0693445,6.3264647
261,8,7.6143904,6.0870357
263,-1,9.563482,7.1199074
264,-1,7.249737,7.5044026
266,6,6.862841,8.898912
267,9,4.988909,8.642832
268,7,8.245729,4.903547
269,8,7.7339835,6.3756638
270,5,4.6653633,9.463289
273,8,6.9401464,5.5384007
274,-1,6.1333656,7.7771993
277,0,5.1719875,5.6033106
278,8,7.820545,6.2178273
279,4,5.8803835,9.538316
280,0,5.043558,5.8310213
281,5,5.2198243,9.84887
282,-1,7.07041,6.193613
283,1,10.517144,7.285355
284,-1,9.114544,7.1968384
285,7,7.462379,4.5459394
286,7,7.7847557,4.536858
288,5,4.7044683,9.73432
289,3,8.288556,7.4425335
290,-1,6.028578,9.193661
291,0,5.4287634,6.2011814
298,-1,6.9786983,8.3986635
299,4,6.449261,10.175642
300,5,5.0337515,9.68593
301,8,6.702773,4.3207593
302,-1,5.366799,6.9184265
304,-1,7.7325926,8.2099085
305,5,5.210872,9.863673
307,1,10.802866,6.6129556
308,3,8.68976,8.166175
309,1,11.375575,6.6688585
310,1,11.275546,6.5213513
311,-1,6.0175457,7.753094
312,10,8.517262,8.90329
313,-1,7.0414968,6.775645
314,1,11.261586,6.64503
316,-1,10.050472,7.9127846
317,0,4.668265,5.534348
318,-1,5.3816733,7.7649426
320,9,4.789018,8.623299
327,6,6.8018117,8.223476
328,3,9.293243,7.119945
329,4,6.172397,9.2860775
330,7,8.317465,5.201405
332,-1,9.958187,6.4669523
334,8,7.818042,5.9545183
335,1,11.321118,7.140035
336,0,5.222456,5.831055
339,-1,10.528622,6.323059
340,2,9.337625,5.8592424
346,-1,10.315381,6.6628637
348,5,4.731592,9.812373
349,1,10.8671665,6.0401645
350,11,8.825552,6.173813
351,9,4.8638916,8.6054535
353,-1,8.09712,5.575389
354,12,6.8359303,3.8128016
355,0,5.0586042,7.1113267
356,1,10.733517,6.1650953
360,1,10.836941,6.8339715
362,-1,9.076791,6.0621943
363,-1,5.200275,8.947853
364,7,7.8275514,5.210217
366,2,9.916339,6.7498283
367,2,9.444615,6.9082284
369,0,4.8696384,6.483912
371,0,4.8691726,6.996327
373,12,6.8483443,3.8248436
374,4,6.1192303,9.437784
375,7,8.165729,4.853825
376,2,9.37959,6.405561
377,4,5.9120784,9.53353
379,2,8.392873,6.93676
380,8,7.3143353,5.7100515
381,6,6.730799,8.067812
382,7,7.943148,4.5456605
384,2,9.411758,5.6546974
385,4,6.8143744,9.709443
386,-1,8.015672,8.219637
391,4,5.722295,9.620128
392,8,7.1966443,6.327608
394,0,5.830847,5.319728
395,8,7.727253,6.7329593
396,-1,6.964107,6.9788685
397,0,5.1958957,6.88062
398,2,9.314158,5.3792686
401,5,4.9137917,9.384962
404,2,9.146475,5.4839683
405,1,10.677359,7.72163
406,2,9.322787,5.3999634
411,-1,8.054775,7.566779
412,3,8.21773,8.000626
415,0,5.3039455,5.440363
416,0,5.2984157,5.3586764
418,1,11.232483,6.6676803
419,3,7.632228,7.6683164
420,7,7.798824,4.3721385
421,5,4.727311,9.739503
422,7,7.8619885,4.412583
423,-1,5.381447,9.018479
424,13,10.163971,8.0355625
425,3,8.096548,8.189037
426,7,7.304483,4.0118656
427,-1,10.655078,7.139904
429,-1,6.7861023,8.939125
430,1,11.172789,6.770521
431,-1,6.911177,6.5010343
432,-1,7.705286,8.9071665
435,0,6.203327,5.2538815
436,11,8.568212,6.3648143
438,-1,6.0856185,8.391567
439,-1,9.847057,7.749697
440,2,9.552906,6.354208
443,0,6.160251,5.288382
446,-1,6.8454804,5.893999
448,3,8.413911,7.4687605
450,-1,5.7467523,7.404208
451,2,9.195864,5.3899026
453,5,4.6868124,9.880476
454,1,11.300031,7.2123175
455,0,5.358511,6.2703004
456,-1,7.9112563,8.856411
457,12,6.8885317,3.8190048
458,2,9.550981,6.424165
462,0,4.98623,6.6304436
463,6,6.49246,8.232781
465,9,4.880682,7.939483
466,4,6.2353196,9.980484
467,6,6.2829127,8.716198
471,-1,6.149075,9.36251
472,-1,7.0740924,7.665093
473,5,5.227236,9.835187
474,4,6.3401694,9.967215
475,0,5.1866856,7.0531588
479,-1,7.5931215,6.945391
482,-1,7.6978755,8.178082
483,2,8.320671,6.733155
484,0,5.0968804,5.3251677
485,12,6.893933,3.8533845
486,1,10.612245,7.7232137
487,3,8.588468,8.107991
489,0,5.0808387,4.694666
490,-1,5.996408,8.343843
491,5,5.333452,9.812787
492,5,5.217294,8.932465
493,5,4.460994,9.689226
495,-1,5.585274,6.9248285
496,3,8.786068,7.9805036
498,0,5.3201785,6.388024
500,-1,6.9974375,7.4153376
501,0,6.002929,5.28327
502,9,4.8030887,8.58572
503,-1,9.18503,6.342088
504,4,6.5002933,9.955985
505,10,8.292617,9.025794
506,4,6.4223027,9.17336
507,-1,5.6674438,9.097105
510,6,6.6463375,8.213147
511,8,7.30657,6.0101256
512,1,10.238405,7.6219234
513,2,9.458826,5.6424932
514,-1,6.1824155,4.787824
515,12,7.1847873,4.049373
516,2,9.017448,6.750319
519,0,4.9374895,6.1525507
520,12,6.9404044,3.8489082
521,5,5.1531053,9.719541
522,0,5.4168825,7.751928
523,-1,9.911884,6.396108
524,-1,5.9914207,6.799515
525,2,9.159847,5.2689934
526,1,10.626829,6.1419573
527,11,8.24851,6.348204
533,2,9.392728,5.689041
534,-1,6.7099953,4.934571
536,6,6.891086,7.9530535
537,7,8.128632,4.8187437
539,-1,10.3372555,7.6448693
540,-1,7.9171066,8.07515
542,1,10.705992,6.3541455
544,6,6.368671,8.733413
545,5,4.46685,9.560085
547,1,10.2706175,7.185096
548,0,5.3054566,6.411753
549,9,4.836618,8.653581
552,2,9.039221,5.9714417
553,-1,8.095887,7.3807855
554,-1,9.330373,6.875528
555,1,11.116957,6.393099
556,3,9.236975,7.5535717
557,0,4.9382567,5.1370273
560,3,9.040857,7.718769
564,13,10.057229,7.3295817
569,0,4.6750755,5.5328
570,-1,8.195798,7.5709844
572,2,8.947641,5.5182123
573,-1,5.953135,4.6648173
574,1,11.076911,6.9778275
576,8,7.225345,6.3595734
580,-1,8.619872,5.876372
581,-1,8.137894,6.61692
582,-1,6.0108204,4.6562886
586,-1,9.914106,7.8416305
587,-1,8.767191,6.323916
588,7,8.065008,4.761063
590,4,6.725219,9.238838
593,0,4.9542804,5.4339895
594,3,8.676891,7.9680963
596,11,7.3067837,7.3780694
597,12,6.9103885,3.901442
600,10,8.245659,8.921912
601,11,8.4845,6.5390744
602,7,7.8585,4.6439376
609,1,10.58425,7.2695174
610,3,9.521974,7.8429837
611,3,8.381692,7.989118
612,5,4.5573487,8.796327
613,9,4.9668756,8.364793
616,2,9.244632,5.355877
617,6,6.6146245,8.049046
618,-1,7.02112,9.33273
621,-1,8.383713,7.1584535
623,-1,5.8962502,8.41954
627,5,4.9691663,9.90783
628,4,6.46675,9.57651
630,4,6.5778384,9.11407
633,-1,10.625603,7.759109
634,-1,10.236131,7.1900144
635,1,11.0646,6.4076767
636,12,7.1320596,3.8655252
637,11,8.498836,6.449162
639,5,4.2773046,9.314238
640,11,8.452726,6.547499
642,11,8.542072,6.2852445
643,-1,5.5315523,7.9017067
645,3,8.351639,8.013528
649,0,5.1881766,5.397172
650,0,5.2177186,6.0168233
651,-1,5.905436,8.547354
654,12,6.9073777,3.8818293
655,11,8.709733,6.3744507
656,14,7.463111,6.826225
657,-1,7.9157314,5.2821717
659,3,8.881593,7.475579
663,-1,4.6718426,7.5242243
664,4,6.289958,9.325012
666,0,4.21754,5.9208484
667,13,10.301499,8.021453
668,-1,10.091762,6.375084
669,1,11.268015,6.7991743
670,1,11.257981,6.689378
671,-1,6.30986,8.130332
672,-1,8.800316,7.1071925
678,5,4.7178006,9.497832
680,0,4.62201,5.8824697
682,-1,8.242238,5.337861
683,-1,7.953782,8.338768
684,0,4.8294296,4.6556816
685,-1,10.219756,7.023983
693,0,5.3722,6.74739
697,-1,5.5738907,7.7844095
698,-1,8.404388,7.3563485
699,13,10.001036,7.457081
700,1,10.937842,6.0515637
701,2,9.305758,5.3220735
705,6,6.252541,8.708042
706,-1,8.159828,7.498057
707,1,9.974806,7.589688
708,3,7.740799,7.833662
709,0,4.757925,4.990425
711,-1,6.36761,6.723838
714,-1,5.321118,8.562297
715,6,6.911575,7.861508
716,8,7.3648753,6.3202324
717,1,11.23285,7.2504005
718,5,4.6074743,9.67331
719,-1,6.989522,8.005805
720,3,7.7038684,7.9397893
721,10,8.287179,8.658096
722,10,8.281186,9.125059
724,-1,5.8362446,8.212235
725,2,9.443856,6.2415366
726,-1,7.040022,7.9503875
727,-1,8.442274,7.7644215
728,6,6.0750847,9.054432
729,3,9.140591,7.8582735
730,0,5.2244396,6.3689985
731,2,8.373263,6.713167
735,12,6.93238,3.9238536
737,0,5.242162,6.2659388
738,1,11.108058,6.8427496
739,0,4.792717,5.8647366
740,-1,9.573425,6.9072785
741,10,8.345034,9.10302
742,-1,10.786022,7.483388
745,0,6.406389,5.1752315
746,5,4.8301597,9.478178
747,7,7.569324,4.5128045
749,3,9.271463,7.8112316
750,-1,9.839353,7.883525
751,1,10.974897,6.848111
752,13,10.263223,8.221261
753,1,10.732179,6.74595
756,6,6.3412337,7.4380693
757,13,10.256651,8.133327
758,2,9.25998,6.296376
759,10,8.299712,9.159894
760,0,6.379903,5.2873077
762,-1,9.829603,7.330613
763,-1,8.185665,6.6635985
766,0,4.9393635,5.398112
767,2,9.151385,6.2038383
769,-1,7.0571246,5.3312125
774,0,5.3964434,6.795504
776,9,4.886443,8.624769
782,-1,5.9099855,9.503403
784,-1,9.65687,7.076255
785,-1,9.004082,7.8084474
786,3,8.570675,8.120034
787,-1,5.5278893,7.7665815
788,-1,6.061723,9.400938
789,1,11.321602,6.804788
790,3,8.671227,8.220321
793,0,4.8161497,6.501592
794,0,5.307916,6.728716
795,-1,8.266896,8.203568
796,3,8.972021,7.779805
799,3,8.435855,7.5171742
800,9,4.9218655,8.137592
802,-1,7.0317974,7.632218
803,6,6.1396213,8.816763
805,-1,7.4293923,6.1452136
806,1,11.133978,7.432386
807,-1,5.1398063,7.759972
808,7,8.001576,4.7400713
809,-1,9.27472,6.436621
810,0,5.379189,6.209955
812,5,4.863202,9.507819
813,12,6.9509025,3.7721682
814,13,10.218063,7.6560845
815,-1,7.403759,8.17021
816,-1,9.914469,8.227524
818,0,4.984611,6.006932
820,0,4.761485,5.830319
822,12,6.855315,3.8804312
823,-1,10.539922,6.454476
830,11,8.407221,6.614686
831,-1,6.240643,8.374983
832,3,8.739226,7.868068
833,-1,6.50282,4.3731966
834,2,9.343358,5.3168674
835,5,4.4839964,9.694267
836,7,8.17939,4.912323
837,4,7.0146112,9.326451
838,1,11.043881,6.723076
839,9,5.6231427,9.177675
841,-1,8.22989,5.574279
844,14,7.1132708,6.8171806
845,13,10.229273,8.235293
846,2,8.856548,6.857971
848,1,11.186225,6.589991
849,1,11.130397,6.316239
851,4,6.3207164,9.721546
853,-1,9.561957,7.2600055
859,8,7.3239145,6.531085
860,3,8.520858,7.449381
861,2,8.965088,6.5278606
863,1,10.657084,7.2710915
864,0,4.6573524,5.4670887
865,0,5.379915,6.8023095
868,-1,4.4177704,8.125245
869,2,9.342346,6.176603
873,-1,6.4457984,5.8211737
876,0,5.444677,6.1838
877,-1,8.409555,6.1400633
881,-1,9.644942,7.382712
883,5,5.304905,9.889873
886,13,10.305497,8.184895
887,1,10.403727,7.2642503
891,-1,8.723729,6.5360556
894,10,8.222959,9.234904
895,-1,10.181937,6.4674416
897,0,4.701326,7.308214
898,0,4.804176,5.9692283
899,11,9.953609,6.2927175
901,7,7.7358494,4.5777864
905,-1,9.997553,7.1748424
907,1,11.169449,7.330902
908,0,4.819941,5.9569473
911,1,10.658491,7.295109
914,0,4.697029,6.459419
915,0,6.93084,5.8912325
916,1,11.374338,7.0227327
919,1,11.385211,6.748047
920,4,6.3016014,9.3645315
921,14,7.125996,6.9099464
923,8,7.044988,5.4284525
925,0,6.194197,5.274647
926,14,6.7098937,7.122798
927,14,6.6432614,7.3033614
928,1,11.403944,7.0426464
929,7,7.9940434,4.6850886
932,-1,10.229522,7.6871595
933,-1,5.437956,7.7523355
935,13,10.091741,8.331782
937,-1,6.1405625,7.5743465
938,12,6.931495,3.7982745
939,1,11.14515,6.377094
941,0,4.9596763,6.000702
942,-1,5.4588118,8.220581
943,12,6.9936137,3.801158
945,2,9.651363,7.2809443
946,4,6.0565343,9.159931
948,0,6.4968815,5.526051
950,1,11.496746,7.0463414
951,0,5.7698927,5.638627
953,-1,7.6377206,6.7463264
955,9,4.820212,8.582817
957,9,5.121885,8.610101
958,9,4.9043956,8.66253
960,-1,9.831075,8.345133
961,0,5.0122266,6.921169
962,13,10.0503,8.308573
963,9,4.7968545,8.551872
964,0,5.470856,6.1208453
965,1,11.056623,6.352693
967,1,10.349603,7.432431
969,-1,5.8060007,8.209059
970,3,9.051468,7.5876527
971,7,7.325054,4.287258
972,-1,8.699768,6.6295366
973,10,7.95928,9.160918
974,-1,5.960219,9.533615
977,8,7.40746,5.7418394
979,-1,6.591817,5.584384
980,-1,7.986309,6.8923063
982,14,7.252444,6.574191
984,2,9.531402,6.1884456
985,2,9.230176,5.8403454
987,3,9.312446,7.44395
988,3,8.387212,8.250642
989,0,5.0382047,5.703221
990,-1,7.97814,5.834986
991,-1,8.934318,7.006732
993,9,4.8230443,8.104484
994,5,4.843912,9.590282
995,6,6.135463,8.394326
996,4,6.090888,9.96139
997,1,11.319584,6.510972
999,5,4.829769,9.591726
1000,-1,5.615873,6.305461
1001,-1,4.394646,7.791404
1002,-1,6.267497,7.0410547
1003,6,7.2487845,8.045229
1004,3,9.06492,8.261243
1005,-1,9.987348,8.34642
1008,-1,7.517456,4.0528173
1009,1,9.983217,7.55559
1010,2,9.828445,6.8920236
1012,-1,5.7081103,9.49037
1013,-1,5.8545265,4.8836617
1014,-1,9.6502495,6.798229
1016,-1,6.630945,7.216351
1021,-1,9.821109,8.413714
1022,2,9.640528,6.0675087
1023,7,8.002811,4.707228
1027,3,8.69974,8.128784
1030,0,5.382651,6.717624
1031,0,5.386645,6.7386417
1033,-1,7.698579,8.367863
1034,9,4.9425545,8.562488
1036,4,6.381029,9.894777
1037,4,6.2856565,9.879696
1038,4,6.049743,9.765082
1040,0,5.827546,5.4022055
1041,0,4.896819,5.8019843
1048,1,10.658074,6.490816
1049,-1,5.547608,7.741912
1052,-1,7.8054295,6.076367
1053,8,7.6030455,5.9181786
1054,1,11.201481,6.730517
1056,2,9.350229,6.400665
1060,2,8.819108,6.719105
1062,1,11.061137,6.3447576
1063,0,4.086555,5.8662558
1065,0,5.2612305,6.544806
1066,-1,6.4966044,5.9851317
1067,3,8.731181,8.233516
1068,2,9.074083,6.2981405
1070,0,6.1959167,5.2172046
1071,0,5.185336,5.3042836
1072,-1,8.305613,6.6980443
1073,11,8.801723,6.0092463
1074,5,4.598317,9.548548
1077,-1,6.7572303,5.8767767
1079,0,5.154841,5.600175
1080,13,10.056922,7.982376
1082,13,10.244047,8.237703
1083,2,9.307691,6.733407
1086,5,4.623386,9.944489
1091,3,9.628686,8.300895
1093,2,9.124844,6.901255
1095,-1,9.075608,8.33894
1097,-1,5.75102,8.18201
1098,1,10.829648,6.1819763
1099,7,7.9808736,4.5712605
1102,2,9.607974,6.2410493
1103,8,6.7971454,6.4829507
1104,7,7.6779704,4.5575867
1106,-1,8.638868,6.8844247
1110,-1,5.909581,7.934338
1112,4,6.7141943,9.029723
1114,4,6.3264713,9.473187
1120,11,8.392404,6.414216
1121,0,4.9583206,5.1832304
1125,-1,7.3671637,5.5485177
1127,8,7.315189,6.0819554
1130,1,10.561738,7.6531873
1132,-1,7.5703797,4.070533
1134,-1,6.2707696,6.5418677
1136,-1,5.761441,8.171168
1137,7,7.7607884,4.840309
1140,0,5.353661,5.7926335
1142,0,5.468721,5.9734917
1145,3,9.193465,7.7538357
1146,-1,5.909339,8.31046
1147,7,8.157692,4.632795
1149,0,5.1588025,6.617981
1155,4,6.5357466,10.191889
1161,1,11.273965,6.4881577
1162,-1,9.837558,6.082278
1163,4,6.6531844,9.778281
1164,14,7.9292264,7.0270295
1166,1,11.190726,7.1846595
1169,1,10.624514,7.4267974
1171,2,9.418664,6.8160434
1172,2,9.15088,6.863442
1174,2,9.777575,6.2272367
1176,-1,6.1594014,9.093838
1177,4,6.0056934,8.978138
1178,0,4.7595725,4.9495006
1179,0,4.1287417,5.999029
1181,2,9.097101,6.229568
1184,-1,10.025128,6.357178
1186,-1,7.311975,5.1120987
1187,4,6.4958334,9.884979
1189,-1,6.5350485,6.0331836
1190,11,8.608988,6.132648
1193,7,8.020181,4.681982
1195,3,8.312548,7.7730246
1196,8,7.496583,5.724096
1197,6,6.5680385,7.773204
1198,8,6.9513545,5.3668103
1199,1,11.119845,6.65457
1200,-1,9.679445,7.932999
1202,0,6.2541337,5.28423
1203,-1,9.252916,6.0285935
1209,10,8.122063,9.1578865
1210,4,6.551312,9.316889
1212,1,10.986273,6.936071
1213,8,7.7324543,6.596899
1215,1,11.120786,6.244398
1216,-1,10.739133,7.19803
1218,0,5.17871,6.307519
1219,3,9.079247,8.058196
1221,0,4.9397917,6.351177
1222,5,4.993417,9.759179
1223,-1,8.214559,7.630056
1224,9,4.9065766,8.313857
1225,3,9.301737,7.801146
1226,-1,8.202387,8.340286
1227,0,4.679491,6.9582114
1228,4,6.434408,9.472744
1230,11,8.722805,6.508158
1233,7,8.090412,4.757444
1235,10,8.312628,9.070358
1236,0,4.944198,5.9789987
1238,1,11.288076,7.321791
1239,-1,7.2776895,7.135907
1240,-1,7.1963315,5.2000732
1241,14,8.638715,5.412943
1242,7,8.092729,4.8685393
1244,3,8.648037,7.174083
1246,3,9.061256,7.485513
1247,-1,9.906262,6.4573774
1248,0,5.440869,6.769707
1254,3,8.816814,8.127773
1256,8,7.28481,6.897608
1260,-1,5.7041078,8.227073
1263,5,4.5781493,9.029935
1264,2,9.114269,6.0153785
1267,0,4.7842073,4.7348704
1269,0,4.57353,5.4984145
1270,4,6.8744717,9.524104
1272,-1,8.329664,7.188909
1275,8,7.727729,6.0907073
1278,-1,10.134569,7.8604345
1280,-1,7.2613263,6.7573423
1281,6,6.9066896,8.368942
1282,2,9.678862,6.070174
1285,4,6.4653916,9.750118
1286,1,11.21442,7.4222584
1288,6,7.2130713,8.156137
1289,0,5.76267,5.9093094
1293,1,11.352846,7.3305297
1294,-1,7.899993,7.088631
1295,14,7.207268,6.804894
1297,-1,6.791017,6.0714808
1298,-1,6.0880704,7.243916
1300,-1,7.124359,7.289136
1302,-1,4.457224,8.295867
1304,1,11.199333,7.413504
1305,6,6.7046213,7.841067
1307,13,10.298562,8.260427
1310,7,7.832384,4.606747
1311,-1,6.2782683,6.533682
1312,3,9.513296,7.8862104
1315,3,7.5828314,7.939093
1316,5,4.8979745,9.661139
1317,4,7.11973,9.013361
1319,13,9.931916,8.463751
1320,0,6.965057,6.0282383
1321,-1,6.6214423,5.8175335
1322,-1,7.773942,8.497837
1325,-1,7.9364667,8.209078
1327,5,4.673885,10.0121355
1328,9,4.835481,8.43315
1329,8,7.3389764,5.6489215
1330,8,6.0625277,5.9775424
1331,9,4.716746,8.688583
1332,3,9.186807,7.3586054
1333,5,4.937872,9.376673
1334,2,9.27179,5.32275
1335,2,9.6192045,5.8957934
1336,2,9.005657,6.003712
1337,1,11.2810955,6.7296777
1338,0,4.848059,5.3686395
1340,0,4.874079,5.9614625
1341,-1,6.1146536,8.289018
1342,0,5.2501507,5.762623
1345,-1,9.953327,7.939189
1346,4,6.704297,9.479902
1348,2,9.08403,7.1997585
1350,-1,8.278184,6.1021914
1351,0,4.8594913,7.237126
1352,4,6.421932,9.77375
1353,6,6.669601,8.435341
1354,4,6.205745,10.27514
1355,-1,8.605472,5.7852902
1356,0,5.0461464,5.635779
1357,10,8.136929,8.771504
1358,2,9.400952,5.9069505
1359,3,7.6996794,7.8259006
1360,-1,6.7672143,8.213822
1361,-1,8.043232,7.858568
1363,4,6.328024,9.669736
1364,3,8.472667,7.6885414
1365,4,6.4190445,10.128191
1366,0,4.725794,6.6445127
1367,3,8.635028,7.914002
1368,-1,7.484412,5.5869207
1369,5,4.9086337,9.520978
1370,-1,6.7343593,4.6470375
1371,5,4.4985576,9.893262
1373,4,6.3967037,9.6308775
1374,-1,7.3251066,6.136013
1375,2,8.979868,6.8172398
1376,-1,5.419697,5.291459
1378,4,6.98787,9.270425
1379,6,6.4262595,8.263575
1385,2,9.358039,6.557345
1387,-1,9.365186,8.211653
1388,8,7.4277883,6.06799
1393,8,6.77029,6.3962126
1394,-1,5.9348426,4.6231184
1395,8,7.776689,7.076478
1399,0,5.5914555,5.8419285
1400,0,5.168444,5.4744
1407,11,8.532218,6.248806
1410,2,9.286949,5.4516788
1411,14,6.883059,6.9746804
1412,3,8.686578,6.7216825
1413,-1,5.228683,8.913706
1415,-1,6.283405,9.221942
1416,-1,8.349358,5.562221
1417,0,4.649843,7.190404
1419,1,10.95563,6.547742
1420,4,6.976382,9.594342
1425,2,9.094983,5.7808886
1426,-1,9.765783,8.312524
1427,-1,9.691247,7.4555593
1428,-1,9.284212,6.8114443
1429,1,10.803539,6.219369
1432,-1,5.961478,6.3330226
1437,12,6.8344007,3.8371012
1440,3,9.210163,7.485672
1441,-1,7.7370677,5.899481
1445,0,4.7098765,5.7618327
1446,4,6.4917045,9.897599
1450,3,8.923027,7.6969433
1452,0,5.3357916,5.571512
1453,1,10.42498,7.265159
1454,3,9.195134,8.050132
1456,-1,5.9315352,7.6999817
1457,6,6.497301,7.9921193
1461,10,8.502535,8.890163
1463,-1,9.120434,6.879736
1464,3,9.187532,7.449189
1465,11,8.449792,6.5027285
1468,6,6.5491595,8.693514
1470,14,7.4868746,6.7710133
1471,0,5.290212,5.6711864
1473,-1,9.940749,8.40808
1478,0,4.5581946,6.107602
1479,4,6.6567316,9.426422
1481,-1,9.148159,7.966698
1482,3,9.300925,7.532326
1484,2,9.587182,6.1425242
1485,-1,4.7348247,7.8850923
1486,4,6.5516086,9.093605
1487,0,5.418959,5.9264126
1488,2,9.249422,6.114735
1490,-1,8.838866,7.212205
1491,-1,6.627869,5.885008
1492,3,8.183299,8.110187
1494,4,6.7427373,9.607295
1499,-1,6.2606087,6.485922
1500,0,4.363149,5.954689
1501,2,9.3487015,6.712564
1503,2,9.31562,6.3270288
1504,1,10.935998,6.4416227
1506,11,8.733429,6.364011
1507,5,5.0962257,9.174612
1508,5,4.612589,9.400413
1511,13,10.135122,8.088638
1512,5,4.2376423,9.21916
1513,0,5.2500596,5.988104
1518,-1,6.534042,8.434771
1519,5,5.0875955,9.230493
1520,1,10.742138,6.37371
1522,6,6.5575805,8.642875
1523,-1,4.7374854,8.175981
1524,5,4.941785,9.365838
1525,0,5.1155524,5.9775004
1526,0,5.118174,5.8766103
1527,-1,8.8494625,8.330169
1529,2,9.528644,6.315945
1531,-1,8.207991,5.4961715
1535,-1,6.9429665,6.1091304
1538,8,7.3621497,5.5847297
1539,0,4.609272,6.238223
1542,-1,7.657461,5.8649225
1543,4,6.3229737,10.220574
1544,-1,5.832994,8.313355
1545,0,5.557382,6.3067684
1548,-1,8.689793,6.985481
1549,3,8.304911,7.6805577
1550,-1,5.5127497,7.2279177
1551,2,9.440253,6.6401777
1552,10,8.295655,9.07312
1553,-1,10.193412,6.902202
1554,3,7.8138704,7.7871094
1556,-1,9.127226,6.3119807
1557,11,8.611458,6.3043175
1559,10,8.46188,8.919464
1560,10,8.803819,8.687949
1565,2,9.372449,5.2158184
1566,8,7.480846,5.9436626
1570,0,4.90047,5.957286
1574,-1,6.4379663,6.211426
1578,0,5.2859015,5.943889
1579,-1,6.56514,9.039822
1580,0,4.253486,5.953381
1583,-1,8.296971,7.3517847
1585,-1,9.687295,7.947209
1591,1,10.633394,7.1346416
1599,4,6.3594527,10.238399
1601,6,7.2745695,8.0025425
1602,3,8.695001,7.0417275
1603,3,8.404771,7.4918528
1604,3,8.866414,7.60769
1605,-1,8.24525,7.9696565
1606,0,4.8091187,4.7320786
1607,3,9.350764,7.5777535
1608,6,6.7691464,8.485542
1609,1,10.435183,7.3048716
1611,2,8.976362,6.5991335
1613,4,6.6736207,9.342538
1614,-1,5.145966,7.608767
1615,6,6.777199,7.9075646
1616,12,6.9865627,3.9069762
1617,9,4.7813473,8.643887
1618,4,6.203508,9.52935
1619,6,6.633099,8.848416
1620,0,4.394555,6.425691
1622,0,4.508729,6.498351
1624,0,4.5169353,6.492164
1627,-1,9.873274,7.742466
1628,5,5.141535,9.821547
1629,0,4.733972,7.0388856
1632,0,4.050399,5.9432893
1633,10,8.239185,9.164804
1634,2,9.036317,6.2211876
1635,3,9.314117,8.227125
1636,0,4.7420983,7.0969267
1637,3,8.793764,6.9840302
1641,0,5.4840612,6.074829
1642,5,5.1377583,9.720955
1643,3,9.030111,7.2538695
1645,6,6.5651526,8.792276
1646,0,4.573913,5.9607983
1647,6,6.2673182,8.750989
1648,4,6.5393457,10.094583
1650,0,4.7473564,4.7844424
1656,-1,6.000057,8.425979
1658,0,4.028742,5.903256
1661,0,4.8392415,5.916706
1666,-1,8.230786,7.5486293
1668,3,8.609227,7.409489
1669,0,4.3114543,5.9664474
1671,0,4.3024206,5.8627157
1673,3,8.728439,6.8753567
1678,-1,4.6405177,7.552248
1679,0,5.2083282,5.327579
1680,0,4.0666666,5.9322753
1683,3,8.797447,7.9281845
1685,0,4.0116224,5.9451556
1690,0,4.0347576,5.896038
1693,0,4.6957393,6.190272
