min_cluster_size,n_neighbors,min_dist,n_clusters,pct_outliers,silhouette,score
12,10,0.0,15,0.286,0.5613,0.2401
10,10,0.0,17,0.263,0.5506,0.2353
15,10,0.0,13,0.291,0.5493,0.2066
10,5,0.0,20,0.233,0.4984,0.1996
12,15,0.0,15,0.321,0.5476,0.1965
12,5,0.0,18,0.259,0.4729,0.1941
15,5,0.0,18,0.301,0.5309,0.1797
10,15,0.0,16,0.348,0.5939,0.1714
15,15,0.0,13,0.33,0.4951,0.1512
20,15,0.0,8,0.351,0.5358,0.1038
7,10,0.0,28,0.225,0.4855,0.0934
20,10,0.0,11,0.441,0.6303,0.06
7,15,0.0,29,0.324,0.5458,0.0578
7,5,0.0,36,0.171,0.4871,0.0
5,15,0.0,40,0.288,0.5353,0.0
5,10,0.0,43,0.272,0.5573,-1.0
20,5,0.0,4,0.088,0.3324,-1.0
5,5,0.0,58,0.19,0.6243,-1.0
