topic_id,n,bowleg_mean,pct_gate_fail,pct_substantive,pct_strong,topic_label
-1,291.0,1.01,47.1,10.3,6.9,Sin tópico
0,151.0,1.07,35.1,8.6,3.3,"Desastres y riesgo: discapacidad, género y recuperación"
1,80.0,0.82,60.0,6.2,5.0,Juventudes y activismo climático
2,74.0,0.77,56.8,6.8,2.7,"Justicia climática, derecho y litigio"
3,68.0,0.98,41.2,11.8,0.0,Teoría feminista e interseccional del cambio climático
4,62.0,1.65,21.0,24.2,11.3,Adaptación agraria y pequeños productores
5,50.0,1.71,24.0,34.0,16.0,"India: género, casta y agua"
6,42.0,1.18,33.3,9.5,7.1,"Género, vulnerabilidad y medios de vida"
7,37.0,0.82,59.5,10.8,2.7,Ciudades: planificación urbana y equidad climática
8,37.0,0.49,62.2,0.0,0.0,"Salud, salud mental y vulnerabilidad climática"
9,26.0,1.54,15.4,19.2,3.8,Bangladesh costero: mujeres y adaptación
10,23.0,2.35,17.4,43.5,39.1,Mujeres indígenas y saberes propios
11,22.0,0.5,63.6,0.0,0.0,Transiciones energéticas justas
12,21.0,0.88,38.1,4.8,0.0,Calor extremo y salud
13,18.0,0.44,72.2,5.6,0.0,"Narrativas, ficción y crisis climática"
14,14.0,0.21,78.6,0.0,0.0,Migración y (in)movilidad climática
