Year,n,bowleg_mean,pct_gate_fail,pct_substantive,pct_strong
1999,1.0,2.0,0.0,0.0,0.0
2006,1.0,2.0,0.0,0.0,0.0
2007,1.0,1.5,0.0,0.0,0.0
2008,1.0,2.0,0.0,0.0,0.0
2009,3.0,1.33,33.3,0.0,0.0
2011,1.0,0.5,0.0,0.0,0.0
2012,4.0,1.38,50.0,25.0,25.0
2013,2.0,1.5,0.0,0.0,0.0
2014,8.0,2.0,0.0,25.0,25.0
2015,7.0,1.36,14.3,14.3,14.3
2016,23.0,0.83,43.5,8.7,0.0
2017,5.0,0.9,40.0,0.0,0.0
2018,17.0,1.09,41.2,5.9,5.9
2019,29.0,1.05,37.9,13.8,6.9
2020,38.0,1.2,36.8,13.2,7.9
2021,71.0,1.21,32.4,15.5,7.0
2022,80.0,0.89,56.2,10.0,6.2
2023,110.0,0.95,48.2,10.9,3.6
2024,174.0,0.99,46.6,12.6,4.0
2025,214.0,0.97,47.2,7.9,4.7
2026,226.0,1.15,42.0,14.2,8.4
